     Value-Weight Dollar Returns      All 4 Data Items Not Reqd;;;;;;;;;;
                -- BE/ME --   --- E/P ---   --- CE/P --   ------  Yld  -----;;;;;;;;;;
;Mkt;High_BE/ME;Low_BE/ME;High_E/P;Low_E/P;High_CE/P;Low_CE/P;High_D/P;Low_D/P;Zero
197501;24.44;23.22;25.33;23.88;25.84;24.11;25.75;21.45;26.2;17.17
197502;13.62;16.2;13.4;15.18;12.84;16.01;12.36;13.27;13.2;12.49
197503;-2.71;-2.87;-1.46;-3.92;-1.19;-3.8;-1.76;-3.29;-1.89;0.3
197504;7.27;6.22;7.58;5.86;7.76;5.71;6.4;4.9;7.98;3.63
197505;-1.45;-3.24;-0.83;0.03;-1.37;0.47;-0.63;-2.88;-1.62;-6.43
197506;-7.06;-8.94;-8.06;-6.72;-8.91;-6.85;-8.04;-6;-7.79;-4.61
197507;-3.91;-4.02;-3.53;-3.02;-3.5;-3.4;-3.05;-2.79;-3.96;-1.33
197508;2.43;2.73;2.56;2.28;2.17;2.21;1.56;2.22;1.63;-0.48
197509;-4.62;-4.53;-4.81;-4.87;-5.07;-5;-5.07;-4.11;-5.35;-6.47
197510;8.21;8.17;6.87;9.72;7.6;8.63;9.15;9.32;7.49;7.57
197511;2.87;3.01;1.6;3.58;2.38;2.78;2.43;2.98;2.56;8.03
197512;2.12;3.86;0.94;2.8;1.44;4.06;2.12;2.45;1.16;-0.22
197601;4.4;7.58;2.97;6.19;3.91;6.96;2;5.08;3.17;17.89
197602;-1.87;-1.02;-1.83;-0.74;-2.16;0.85;-1.74;-2.36;-1.96;1.83
197603;-2.8;-3.06;-4.01;-0.75;-3.18;-0.96;-2.86;-1.25;-3.58;-11.64
197604;-1.29;-2.98;-1.07;-1.3;-1.76;-1.21;-1.93;-1.24;-0.11;-4.39
197605;-4.64;-5.13;-5.41;-3.54;-4.85;-4.1;-4.62;-4.2;-4.77;-4.37
197606;-0.16;0.63;0.36;0.71;-0.09;0.59;-0.48;0.7;-0.39;3.25
197607;-1.69;-2.04;-0.95;-2.67;-2.35;-1.54;-1.87;-0.97;-1.93;-1.65
197608;-1.99;-0.93;-1.73;-2.72;-2.21;-2.68;-2.71;-1.53;-3.67;-5.36
197609;-2.71;-3.11;-3.69;-1.79;-2.77;-3.25;-1.29;-1.92;-2.24;-6.37
197610;-7.57;-9.47;-7.37;-7.57;-6.83;-8.22;-6.4;-8.19;-6.36;-13.14
197611;4.95;4.02;5.02;5.27;4.24;4.58;3.95;4.71;5.71;8.36
197612;8.84;9.98;8.15;9.24;7.91;9.3;8.77;9.39;7.32;7.68
197701;1.64;2.96;1.57;2.21;1.44;2.6;1.04;4.9;0.02;16.48
197702;0.79;0.66;0.92;0.8;1.06;-0.21;0.88;1.56;0.65;1.93
197703;1.15;2.55;-0.01;1.65;1.01;3.45;-0.19;2.01;0.53;-0.75
197704;4.15;4.47;3.68;3.52;4.78;4.17;5.71;4.62;4.61;10.75
197705;-0.33;0.16;-0.34;-0.08;-0.09;0.07;-0.23;-0.11;-0.82;0.08
197706;1.85;0.74;2.1;2.27;0.98;1.4;2.09;1.46;2.74;-4.52
197707;-1.28;-1.41;-1.87;-0.76;-1.61;-1.81;-1.28;-0.88;-1.91;-3.99
197708;5.58;4.06;5.79;6.31;4.94;6.09;5.68;6.27;5.32;4.44
197709;5.02;6.11;4.81;5.35;3.96;4.06;4.78;5.31;3.57;0.23
197710;2.43;1.03;2.73;1.98;2.53;1.94;2.74;2.44;3;1.32
197711;-1.32;-1.36;-1.06;-0.67;-2;-2.94;-1.8;-2.16;-1.5;-4.14
197712;5.69;5.44;5.33;7.7;4.63;5.8;4.21;7.07;4.66;3.74
197801;-0.32;0.6;-0.95;0.22;-1.52;-0.25;-1.84;1.48;-1.1;1.89
197802;0.01;1.64;-0.79;1.36;-1.11;0.94;-0.61;1.2;-1.15;-5.31
197803;3.64;3.5;3.13;4.51;3.61;4.31;2.7;3.97;2.86;2.54
197804;-1.37;-0.53;-1.5;-1.25;-1.3;-0.43;-1.8;-1.83;-1.42;3.9
197805;2.88;4.81;2.05;2.25;3.71;5.4;2.92;2.76;3.16;16.82
197806;0.92;-1.15;1.3;0.59;1.38;-0.59;2.26;1.11;1.17;-6.19
197807;7.92;8.67;8.71;8;8.54;8.16;8.23;7.61;8.07;9.22
197808;4.28;4.66;4.53;4.46;4.56;3.63;3.69;4.22;4.61;10.89
197809;4.48;3.38;4.78;4.91;4.31;4.34;5.4;5.24;5.06;1.86
197810;4.5;4.36;4.92;4.76;3.55;3.13;3.93;4.24;4.57;0.45
197811;-8.55;-7.95;-9.42;-8.48;-8.01;-8.07;-8.35;-8.46;-8.26;-10.04
197812;5.22;6.26;5.33;5.13;5.28;4.79;5.07;5.43;5.29;9.69
197901;0.37;0.5;0.63;0.27;0.38;0.5;1.45;0.39;0.41;3.93
197902;2.26;2.33;1.41;1.83;2.17;1.84;1.72;1.8;2.51;-1.04
197903;6.45;5.37;7.53;5.06;8.21;4.49;8.02;4.44;7.61;9.37
197904;1.74;2.63;1.43;1.3;2.12;1.8;1.91;1.03;1.68;0.1
197905;-4.67;-4.86;-5.06;-4.02;-5.17;-4.66;-4.96;-3.25;-6.16;-6.19
197906;3.02;2.72;1.36;2.57;2.96;1.59;1.81;2.76;3.22;8.91
197907;1.73;0.9;2.76;2.02;1.21;1.53;2.45;1.87;1.11;2.87
197908;3.48;3.95;3.62;4.14;3.13;4.95;3.4;3.84;2.61;5.73
197909;5;4.52;4.56;4.8;5.64;4.09;4.41;4.51;5.37;4.7
197910;-9.41;-9.47;-11.5;-9.34;-9.17;-10.84;-11.39;-9.23;-9.38;-5.48
197911;4.2;2.85;4.28;4.73;3.11;2.26;3.8;3.45;3.53;-0.94
197912;0.54;0.55;0.99;2.16;-0.34;0.81;-0.25;2.13;-0.14;-3.54
198001;5.77;4.78;6.66;4.35;6.72;4.71;7.3;3.87;5.94;12.2
198002;1.36;-0.93;2.87;2.1;0.99;1.46;0.47;-0.35;1.88;6.13
198003;-14.41;-13.96;-15.19;-15.15;-14.02;-14.94;-13.7;-12.59;-14.68;-8.41
198004;10.43;11.57;9.87;9.84;10.86;8.95;10.73;11.54;10.54;4.49
198005;2.65;0.73;3.7;3.86;2.5;3.48;1.72;0.64;2.99;-0.62
198006;7.62;6.87;8.02;6.85;8.3;5.25;9.43;6.33;8.5;5.87
198007;1.79;1.49;2.34;0.17;3.48;0.32;2.6;2.39;1.92;6.64
198008;1.33;1.15;1.95;1.74;1.47;0.41;1.66;0.26;1.81;-11.31
198009;1.87;-0.72;3.37;2.68;1.87;0.7;1.36;-0.24;2.62;-3.76
198010;3.68;0.36;6.04;6.42;4.26;3.97;3.81;0.1;6.25;1.16
198011;-1.86;-4.88;-0.86;-1.93;-1.62;-1.62;-1.39;-4.45;-2.53;-4.23
198012;-3.93;-2.1;-4.66;-4.74;-2.76;-6.11;-2.62;-2.61;-3.75;-4.03
198101;-4.03;-3.76;-3.82;-5.61;-2.18;-5.43;-4.62;-4.68;-3.61;16.69
198102;-0.82;2.35;-1.55;-1.69;0.13;1.51;-0.3;0;-1.04;-2.11
198103;2.66;4.5;0.59;1.71;3.67;2.61;3.01;2.95;2.45;3.39
198104;-0.24;3.85;-2.17;-0.3;-0.83;-0.11;-0.61;3.85;-1.5;-3.92
198105;-8.48;-8.87;-7.18;-7.02;-7.9;-7.59;-7.76;-9.75;-8.8;-7
198106;-2.95;-1.23;-4.69;-4.38;-1.86;-7.16;-2.6;-3.41;-3.19;-5.24
198107;-2.91;-4.89;-1.06;-2.2;-4.31;-3.37;-3.39;-4.63;-1.92;-2.6
198108;3.39;2.76;3.25;2.1;4.23;2.38;3.58;2.3;3.24;1.36
198109;-9.51;-8.19;-9.03;-8.66;-9.42;-9.19;-10.58;-6.71;-10.62;-4.67
198110;3.15;1.42;4.49;5.42;1.73;4.78;2.09;2.42;3.11;-0.36
198111;12.44;13.59;11.67;12.16;12.19;10.3;12.14;11.56;12.46;6.23
198112;-3.28;-2.9;-3.2;-3.77;-2.39;-2.71;-2.64;-2.71;-2.67;-2.94
198201;1.31;3.75;1.52;-0.99;1.72;1.51;1.84;0.36;1.45;1.17
198202;-4.81;-2.36;-4.96;-4.01;-4.95;-4.22;-5.68;-3.38;-4.76;-10.51
198203;0.2;-1.96;0.73;-2.77;0.54;1.54;0.8;-1.48;-0.36;3.16
198204;2.58;1.09;2.39;4.1;2.67;3.92;2.48;3.27;3.02;6.54
198205;0.57;-0.33;1.83;-1.31;1.34;-1.3;2.28;-1.15;1.99;2.05
198206;-8.63;-9.92;-7.24;-9.6;-7.6;-11.69;-7.64;-9.86;-6.93;-14.17
198207;1.83;0.26;3.06;-0.12;2.61;-1.2;3.26;-1.08;2.99;0.47
198208;0.76;-1.52;0.81;0.42;0.96;2.22;0.9;1.18;0.53;5.15
198209;1.98;-1.6;5.59;-0.33;4.32;-2.07;5.76;-1.04;5.09;-2.8
198210;1.11;3.49;-0.29;4.89;-0.34;6.14;-1.52;5.48;-0.94;4.15
198211;1.38;1.23;2.38;0.39;1.87;-1.6;1.92;0.2;3.44;-1.73
198212;5.39;4.12;3.89;5.68;4.36;5.06;4.36;5.21;4.22;2.56
198301;-0.43;4.24;-2.94;0.81;-1.24;2.11;-3.55;2.78;-3;-2.63
198302;3.11;5.06;3.37;2.7;3.38;4.32;3.4;2.87;3.58;19.87
198303;4.51;5.71;2.36;6.57;3.74;7.02;2.22;6.22;3.67;5.66
198304;7.75;7.17;7.14;8.18;7.32;7.65;7.84;9.12;7.09;4.71
198305;-0.64;1.22;0.03;-1.1;0.49;0.48;0.63;-0.65;-0.07;-1.84
198306;1.68;1.96;0.13;3.82;-0.12;3.6;-0.11;3.11;-0.02;-3.67
198307;-1.63;-1.55;-1.59;-2.03;-2.34;-1.5;-2.31;-3.23;-1.45;6.94
198308;-2.34;-3;-3.49;-1.61;-4.03;-0.8;-3.83;-1.1;-3.79;-2.13
198309;1.71;2.21;2.28;2.16;1.72;2.23;1.1;1.87;2.33;3.84
198310;0.43;0.54;1.41;-0.42;1.5;0.15;-0.25;-0.89;2.02;-1.08
198311;2.46;5.11;2.22;2.41;1.85;2.32;1.79;2.35;3.05;8.8
198312;1.36;2.9;0.2;2.17;0.38;2.06;0.1;1.56;0.05;4.24
198401;3.99;6.65;1.45;7.22;1.18;7.83;0.62;7.19;0.66;8.77
198402;3.38;4.03;3.18;4.21;3.53;3.45;3.75;4.24;3.32;-0.62
198403;2.52;1.54;3.11;1.12;3.9;2.72;3.6;2.3;3.38;-0.46
198404;-1.23;-2.48;-1.87;0.35;-1.89;-0.53;-1.82;-0.15;-2.61;-3.31
198405;-7.28;-7.35;-7.93;-5.96;-7.87;-5.54;-7.33;-6.76;-8.23;-8.6
198406;-0.6;-0.48;0.86;-1.9;0.75;-2.75;0.71;-1.96;0.87;3.03
198407;-6.9;-5.81;-6.27;-7.79;-5.29;-8.16;-6.01;-6.64;-6.64;-9.05
198408;9.33;7.21;9.46;10.14;9.06;10.76;9.9;8.6;9.64;8.41
198409;-1.02;-1.42;-1.43;0.58;-2.9;-0.69;-1.52;0.19;-1.78;-12.93
198410;-0.11;1.79;0.34;-1.72;0.91;-0.61;-0.01;-0.87;1.2;1.53
198411;-0.14;-0.12;-0.25;-0.28;-0.4;0.27;0.18;0.42;-1.02;-14.09
198412;0.62;1.39;0.16;1;0.31;0.59;0.08;0.22;0.4;1.03
198501;3.98;4.67;3.45;5.05;4.18;4.71;2.65;5.4;3.57;23.06
198502;-3.47;-3.62;-3.88;-2.67;-4.2;-2.5;-3.67;-2.86;-4.54;7.8
198503;11.68;12.11;12.52;9.61;11.86;11.01;10.98;10.66;10.78;36.95
198504;2.39;1.67;3.09;2.02;2.48;1.77;2.21;2.93;2.76;1.53
198505;6.23;5.58;7.71;4.48;5.37;4.26;4.35;4.68;5.35;6.98
198506;0.44;2.02;-0.33;1.67;0.92;0.93;-1.16;1.57;0.07;7.46
198507;10.19;11.02;11.73;8.21;9.96;9.81;10.25;9.95;10.12;5.67
198508;5.52;6.54;5.94;5.57;5.57;6.22;4.53;5.44;5.88;9.95
198509;1.29;1.76;0.24;0.35;1.51;0.65;1.61;1.64;0.62;2.7
198510;10.94;10.71;11.04;10.67;11.48;9.48;10.86;10.43;12.42;11.87
198511;7.85;7.49;8.78;6.44;8.49;7.2;7.38;6.52;8.44;6.86
198512;3.86;3.26;2.87;3.18;3.92;4.9;2.97;1.8;4.48;9.03
198601;2.05;3.43;1.38;3.55;2.13;3.88;1.65;2.38;2.46;15.73
198602;12.2;13.66;10.16;13.31;11.71;13.59;9.88;13.14;11.5;12.08
198603;9.17;9.41;8.83;9.54;9.51;8.54;7.54;8.3;8.94;9.29
198604;8.24;6.54;9.7;7.63;9.9;6.75;8.11;8.17;8.83;11.99
198605;-7.91;-8.3;-7.23;-7.82;-7.6;-7.54;-6.69;-7.66;-7.01;-10.73
198606;3.56;3.02;3.07;3.1;2.23;2.87;4.19;3.61;2.97;2.06
198607;-0.44;-1.89;0.01;-0.96;-0.18;-1.06;-1.6;-1.47;0.05;5.11
198608;10.48;12.25;10.38;11.96;10.72;11.87;9.7;11.58;9.98;11.44
198609;-5.6;-3.7;-6.89;-3.53;-7.11;-2.94;-6;-3.57;-7.42;-7.11
198610;0.58;-0.04;1.29;0.09;1.39;0.42;0.19;-0.34;1.55;0.05
198611;5.46;4;5.94;4.07;5.89;2.75;5.34;4.08;6.22;3.88
198612;2.84;3.52;2.8;3.66;2.13;3.23;2.71;3.56;2.15;-1.74
198701;6.71;6.73;5.04;7.31;6.78;7.7;6.46;6.97;6.23;6.26
198702;2;1.57;3.33;0.59;3.24;2.22;5.17;0.85;3.26;-0.24
198703;5.34;7.63;4.05;7.14;3.74;7.5;3.6;7.54;3.84;2.56
198704;4.17;4.66;3.23;3.31;4.31;5.48;5.19;4.66;4.48;8.09
198705;-0.82;-0.26;-1.64;-0.32;-2.12;0.67;-1.58;0.31;-1.93;-3.73
198706;2.96;4.61;2.5;3.64;3.24;2.71;2.15;2.96;3.13;-0.27
198707;3.99;4.5;3.88;5.44;3.77;3.82;3.61;3.41;4.09;6.89
198708;0.5;0.74;0.67;0.75;0.7;1.14;1.38;0.66;0.15;5.49
198709;1.18;1.19;1.38;1.66;2.06;0.43;1.4;-0.08;1.21;-0.65
198710;-19.79;-18.95;-21.61;-19.47;-22.19;-18.28;-23.02;-15.27;-22.71;-18.92
198711;-2.82;-3.08;-3.11;-1.9;-3.47;-1.76;-4.75;-1.34;-4.73;-7.1
198712;6.67;5.82;7.14;6.28;7.3;5.41;7.6;6.35;7.02;-4
198801;-5.53;-4.92;-5.37;-6.31;-4.93;-5.12;-5.48;-4.96;-5.66;0.29
198802;6.25;7.41;5.74;7.7;4.54;6.34;4.76;5.68;6.19;8.39
198803;2.84;4.26;1.96;2.21;3.45;3.55;3.55;3.02;2.45;5.28
198804;1.65;1.66;1.46;1.33;1.97;2.69;0.6;1.13;1.29;-2.54
198805;-2.13;-1.53;-1.85;-1.94;-2.22;-2.39;-1.94;-2.56;-2.31;1.33
198806;-0.48;-0.18;-0.37;1.04;-1.08;1.34;-0.98;-0.45;-0.69;-0.62
198807;-0.54;-0.08;-0.61;-1.34;-0.6;-1.69;-0.92;-0.56;-0.49;-0.77
198808;-3.72;-3.76;-4.29;-2.91;-3.98;-3.5;-4.01;-3.74;-4.38;-5.37
198809;5.47;5.83;5.64;5.81;5.88;5.82;4.59;5.1;5.19;5.38
198810;8.11;7.99;7.79;9.21;7.07;8.25;7.22;7.84;8.37;7.05
198811;1.93;2.96;-0.28;3.71;0.72;3.39;-1.22;3.89;-0.04;3.97
198812;0.05;1.15;-0.26;1.08;-0.53;1.64;-0.76;0.41;-0.7;1.59
198901;3.59;3.99;2.74;4.11;3.03;4.92;4.34;4.6;2.39;5.54
198902;-0.84;-0.82;-0.7;-0.09;-1.68;-0.77;-0.44;-1.59;0.1;12.21
198903;0.44;1.01;0.66;0.13;0.6;1.33;0.11;0.96;0.1;0.45
198904;3.41;3.68;3.45;3.55;4.11;3.71;4.92;3.72;4.07;3.17
198905;-4.47;-4.51;-4.93;-4.18;-5;-3.23;-4.41;-4.61;-4.53;4.38
198906;3.09;3.23;2.81;3.69;3.1;3.92;2.91;2.56;3.11;3.64
198907;11.46;10.45;13.07;11.56;12.76;9.23;11.47;10.33;12.51;-1.71
198908;-1.39;-1.69;0.39;-1.25;-1.37;-1.53;-0.02;-2.17;-0.07;-8.05
198909;2.97;3.48;2.71;2.28;3.41;3.72;3.24;2.63;2.83;5.54
198910;-6.57;-6.07;-6.06;-7.5;-6.19;-5.84;-7.19;-5.61;-7.36;-11.52
198911;6.27;6.59;5.93;6.4;6.71;6.13;6.3;6.39;5.59;3.33
198912;9.83;11.02;8.79;9.4;9.22;10.56;7.92;10.19;8.86;8.84
199001;-0.21;0.87;-1.29;0.54;-1.09;0.47;-0.46;0.92;-1.37;1.88
199002;-2.61;-2.16;-3.78;-1.58;-3.75;-1.23;-2.84;-1.28;-3.81;-1.31
199003;2.99;2.99;4.02;4.06;3.66;2.83;4.19;2.09;3.61;3.52
199004;-2.65;-2.66;-2.21;-1.61;-2.69;-2.46;-2.06;-3.23;-1.86;-1.99
199005;7.58;6.66;8.42;7.32;8.91;6.69;7.7;7.49;8.54;5.58
199006;3.9;3.01;4.77;2.35;5.06;3.76;5.3;2.86;4.74;1.69
199007;4.85;4.43;5.32;2.59;5.73;2.52;4.68;5.06;5.91;8.12
199008;-10.47;-10.95;-10.86;-12.6;-10.49;-9.89;-11.34;-8.19;-11.34;-10.77
199009;-10.91;-11.89;-11.1;-12.87;-11.08;-11.38;-10.37;-10.68;-11.17;-11.83
199010;8.66;7.29;10.05;6.92;10.79;5.78;10.81;5.89;10.53;10.07
199011;1.38;2.32;0.21;2.27;0.5;2.53;0.3;2.43;0.21;-0.06
199012;-1;-0.46;-1.08;-0.03;-1.01;-0.87;-1.53;-1.14;-0.53;0.22
199101;2.99;4.18;2.76;2.95;2.75;3.07;2.12;4.26;2.62;11.45
199102;8.01;9.91;7.08;12.16;6.59;10.41;6.05;9.82;7.08;7.12
199103;-6.24;-6.29;-5.68;-5.75;-6.19;-5.44;-5.21;-5.68;-6.26;-9.61
199104;0.65;0.45;0.12;-0.04;0.68;0.86;0.69;0.71;0.82;1.81
199105;0.2;-0.66;0.18;-0.49;0.1;0.99;0.09;-0.1;0.34;3.16
199106;-7.51;-8.54;-7.41;-6.59;-7.4;-7.33;-7.16;-7.97;-7.49;-11.04
199107;7.11;7.04;6.98;6.43;6.4;6.48;6.92;6.45;6.26;6.36
199108;1.88;2.98;1.55;2.44;0.99;2.79;1.91;2.42;1.26;1.28
199109;3.49;3.78;3.8;3.4;3.58;3.22;4.33;4.21;3.7;6.02
199110;-1.86;-2.45;-0.99;-2.82;-0.94;-2.22;-0.53;-2.54;-0.11;-7.78
199111;-1.46;-4.53;0.01;-3.59;0.17;-3.08;-0.93;-3.75;0.16;-3.37
199112;7.89;5.48;9.36;5.57;9.33;5.01;10.09;6.64;9.44;8.33
199201;-0.06;1.61;0.39;0.83;-0.76;0.06;0.38;0.07;0.27;0.49
199202;0.57;0.26;0.8;1.25;0.53;0.84;1.33;0.05;0.77;2.12
199203;-3.32;-3.58;-3.09;-3.52;-3.52;-3.21;-2.8;-3.6;-3.35;-5.47
199204;6.07;9.11;4.5;7;4.27;7.82;4.19;8.15;4.15;6.68
199205;5.23;5.81;4.95;5.82;5.22;6.47;4.54;5.57;5.28;4.53
199206;-1.23;-2.78;-0.25;-1.19;-1.61;-4.04;-0.8;-4.13;-0.07;-1.7
199207;-3.85;-6.44;-3.5;-4.43;-2.74;-4.4;-2.64;-4.36;-3.4;-5.57
199208;0.1;-1.44;0.47;0.37;0.35;0.7;0.33;-0.42;0.35;2.83
199209;-1.5;-1.16;-0.95;-4.08;-0.47;-4.45;-1.78;-1.08;-2.22;-5.43
199210;-7.37;-6.52;-6.79;-6.91;-6.97;-8.8;-7.35;-6.41;-7.26;-10.48
199211;0.07;-0.32;-0.23;0.35;-0.95;-0.25;-0.82;-0.7;-0.37;0.73
199212;2.07;3.02;1.36;2.48;1.62;2.45;0.92;3.08;1.13;0.02
199301;0.4;5.91;-1.19;3.26;-0.82;2.58;-2.07;4.26;-1.69;5.94
199302;1.42;2.33;0.54;2.74;0.42;2.58;-0.79;2.48;0.52;0.51
199303;5.71;8.5;4.79;7.34;4.04;7.51;4.39;6.68;4.15;2.56
199304;1.41;2.22;1.17;0.98;1.1;1.61;1.26;2.81;1.38;0.94
199305;0.96;1.71;0.58;0.7;1.84;1.36;1.23;1.22;0.76;1.36
199306;-2.78;-2.01;-4.06;-3;-3.63;-1.4;-4.61;-1.51;-4.35;-0.98
199307;1.58;2.75;0.1;4.02;0.87;4.13;0.38;3.26;-0.25;1.58
199308;8.5;8.96;8.97;9.01;8.56;8.6;8.37;7.89;9.62;12.1
199309;-0.35;0.17;-0.91;-0.4;0.56;0.88;-0.85;0.11;-1.06;-1.77
199310;3.18;2.19;3.62;3.26;3.58;2.97;2.54;3.52;3.58;-2.33
199311;-1.39;-0.28;-1.43;-2.34;-0.93;-1.42;-0.67;-1.31;-1.11;-0.91
199312;7.72;9.17;6.36;9.21;7.11;9.02;7.69;7.36;7.46;10.13
199401;5.42;7.93;4.99;4.12;6.13;7.64;6.8;6.04;5.4;9.87
199402;-4.05;-3.21;-4.36;-4.48;-4.22;-2.89;-2.95;-4.98;-3.99;-4.18
199403;-2.58;-0.88;-2.63;-2.99;-3.23;0.12;-1.86;-2.45;-3.13;-0.01
199404;4.15;6.08;3.79;2.72;5.05;5.16;3.89;3.88;3.59;5.64
199405;-4.37;-4.05;-4.48;-3.68;-5.24;-4.02;-4.5;-4.21;-4.35;-6.19
199406;-0.51;-0.42;-0.87;-0.07;-1.03;0.27;-0.79;-0.07;-0.88;0.09
199407;4.94;5.37;4.91;5.66;5.98;6.26;4.69;5.09;4.94;5.08
199408;3.39;3.09;3.96;3.45;2.65;4.13;4.57;2.61;3.24;1.87
199409;-3.93;-3.92;-3.63;-4.18;-3.46;-4.9;-2.22;-3.59;-2.97;-3.27
199410;4.32;3.65;3.97;4.21;4.57;5.03;2.87;4.64;3.95;2.26
199411;-4.26;-5.08;-3.94;-4.16;-3.76;-5.55;-3.6;-4.24;-4.14;-5.37
199412;0.51;0.23;1.14;1.14;-0.45;0.82;0.86;0.24;0.24;0.07
199501;-1.06;-1.58;-1.04;-0.62;-1.53;0.39;-1.09;-0.35;-1.5;-0.5
199502;2.84;2.17;4.17;3.19;2.81;2.18;3.53;2.11;3.18;1.78
199503;3.79;3.31;5.13;3.76;4.28;2.5;5.46;4.23;4.71;-3.4
199504;3.6;3.78;4;3.98;4.35;3.89;3.67;3.3;4.14;0.77
199505;2.08;2.97;1.19;2.58;1.96;2.18;1.46;2.6;2.04;1.32
199506;0.96;0.01;2.75;0.6;1.38;0.83;2.28;0.01;1.9;1.29
199507;4.68;4.56;4.3;5.57;5.67;6.11;5.08;2.77;5.97;5.29
199508;-3.53;-4.54;-2.55;-3.19;-3.63;-3.61;-2.88;-4.51;-2.84;-4.92
199509;2.38;1.78;2.81;2.53;2.43;0.84;3.03;1.95;2.76;0.16
199510;0.55;0.25;1.18;2.61;0.21;-2.83;0.05;1.64;-0.67;-5.17
199511;0.33;0.93;-0.53;1.1;0.78;-0.09;-0.8;0.23;-0.19;-2.34
199512;3.65;3.73;3.78;2.94;3.86;3.8;3.5;3.9;3.25;2.47
199601;0.86;0.94;1.39;2.57;0.76;3.71;1.12;0.6;1.31;-3.41
199602;1.76;2.42;1.66;3.01;1.22;3.12;2.31;1.6;2.05;4.46
199603;1.42;0.71;1.72;2.26;2.34;-0.03;3.27;-0.24;2.62;0.25
199604;1.1;1.3;0.8;-0.34;0.9;1.9;0.65;1.55;0.89;4.36
199605;0.96;-0.15;1.39;1.74;0.4;0.42;1.75;0.2;0.36;1.61
199606;0.7;-1.74;1.98;0.53;1.56;-1.44;1.92;-0.31;1.8;-3.24
199607;-1.34;-1.21;-1.34;-1.85;-1.56;-3.27;-1.96;-0.33;-1.92;-4.79
199608;2.28;2.72;2.12;2.85;3;2.91;3.01;1.73;3.15;0.85
199609;2.44;1.73;2.47;3.04;1.94;2;2.23;1.72;1.36;-1.84
199610;1.99;1.41;1.53;1.72;1.6;1;0.98;2.35;1.62;2.45
199611;5.2;7.16;4.86;6.06;4.19;7.17;3.44;6.28;4.16;1.59
199612;2.39;2.45;2.3;2.48;1.23;3.55;1.59;3.67;1.84;0.27
199701;-0.29;0.15;-1.05;0.9;-1.38;1.41;-1.05;-0.05;-1.29;3.67
199702;1.51;2.6;1.15;2.37;1.44;1.14;1.34;1.95;1.85;0.33
199703;3.29;1.86;3;2.37;1.79;3.6;3.1;3.81;2.55;5.11
199704;-0.21;-1.2;0.17;0.56;-0.37;0.59;0.01;-1.11;-0.1;-1.8
199705;3.94;4.89;3.11;3.86;2.81;4.12;2.15;3.69;3.12;6.95
199706;4.8;3.15;5.8;3.74;5.09;6.91;5.72;3.12;5.67;4.5
199707;4.42;7.57;3.94;5.64;3.69;3.48;2.09;5.7;3.75;6.16
199708;-5.69;-3.54;-5.69;-5.39;-6.47;-2.43;-5.96;-3.1;-6.71;-3.79
199709;9.31;10.61;8.67;9.21;7.83;7.47;8.23;9.63;7.74;8.34
199710;-4.62;-2.88;-5.16;-6.12;-3.67;-3.68;-4.4;-2.05;-4.77;-7.15
199711;1.64;0.67;1.98;1.28;2.5;1.23;2.61;1.74;2.64;-0.45
199712;3.67;5.1;3.41;2.53;3.41;0.91;3.08;4.66;3.44;0.52
199801;4.48;5.25;5.43;2.81;5.29;4.14;4.22;4.24;5.91;8.52
199802;8.09;10.27;8.04;9.39;8.9;7.27;7.39;7.85;7.86;12.05
199803;7.12;10.19;5.05;10.08;4.56;11.55;6.78;9.94;6.43;9.89
199804;1.52;3.61;1.78;0.71;1.58;2.3;1.43;1.41;0.9;4.71
199805;2.8;2.58;2.92;0.93;3.09;3.35;3.55;2.49;3.13;3.46
199806;0.5;-2.46;1.33;-1.6;1.93;0.44;2.24;-0.35;1.71;6.47
199807;1.74;2.42;1.23;-0.66;1.77;2.75;0.48;2.73;2.21;5.76
199808;-11.98;-14.18;-10.29;-14.59;-9.28;-12.48;-9.46;-12.38;-10.79;-13.74
199809;-3.18;-2.56;-2.1;-4.31;-2.16;-1.28;-1.42;-5.45;-3.6;-12.26
199810;7.54;3.33;8.23;7.97;7.44;3.16;7.81;6.6;8.51;8.79
199811;5.35;5.19;4.88;5.69;4.63;3.44;3.82;4.72;5.69;9.2
199812;4.02;3.42;5.3;1.37;5.82;4.99;6.64;3.31;6.22;7.93
199901;-1.06;-3.66;-0.88;-1.59;-0.23;-4.09;-0.58;-3.82;-2.17;13.65
199902;-2.2;0.26;-3.27;-0.77;-2.8;2.57;-2.76;0.04;-3.9;-5.26
199903;0.74;4.43;-1.26;2.69;-0.68;3.15;-2.1;5.46;-1.93;-0.55
199904;3.2;7.32;0.27;9.15;1.12;11.03;-0.5;8.99;-0.1;3.87
199905;-4.46;-4.68;-4.33;-4.45;-4.05;-4.5;-2.48;-4.44;-4.84;-1.77
199906;1.03;4.22;0.29;2.47;0.64;3.83;0.7;2.83;0.09;5.34
199907;1.09;4.64;0.48;3.89;0.29;7.18;0.79;5.77;-0.54;3.69
199908;1.3;1.43;1.34;-0.45;1.79;-0.33;1.45;-0.16;1.7;0.2
199909;-0.98;-1.07;0.13;-2.6;-0.09;-1.49;-0.4;-1.46;-0.55;4.67
199910;2.45;-1.59;3.12;-0.94;3.71;-2.21;1.9;-2.22;3.37;5.25
199911;2.35;-2.05;3.34;-1.31;4.58;-0.8;4.98;-1.84;1.07;11.97
199912;10.29;9.88;10;7.87;11.4;9;11.61;7.31;10.38;12.6
200001;-7.63;-10.29;-6.92;-9.02;-6.36;-7.82;-4.9;-10.55;-5.92;-1.8
200002;4.69;-3.43;6.97;1.04;6.93;-2.12;9.98;-1.31;7.39;11.69
200003;2.41;7.28;1.55;3.23;1.73;4.79;-1.33;4.69;0.7;-8.44
200004;-4.82;-0.7;-5.59;-2.85;-5.56;-3.34;-6.42;-2.21;-5.76;-6.55
200005;-0.65;2.39;-2.37;2.48;-1.92;2.01;-2.66;1.87;-2.82;-11.3
200006;2.9;4.87;2.56;4.57;2.99;3.5;1.65;5.17;2.66;3.62
200007;-0.98;0.04;-2.44;0.14;-1;-0.06;-2.17;-0.93;-2.09;-3.85
200008;-0.61;-1.92;-0.48;-2.48;-0.95;-2.63;-0.55;-0.08;-0.74;3.03
200009;-4.11;-2.17;-4.99;-2.59;-4.76;-1.22;-6.12;-2.51;-5.37;-9.97
200010;-0.93;0.02;-1.71;0.46;-1.89;-0.01;-2.17;1.68;-2.41;-2.9
200011;-3.41;4.31;-5.36;1.35;-6.22;3.88;-7.98;3.06;-6.91;-16.76
200012;7.27;7.64;6.08;8.18;6.35;7.64;5.56;9.01;6.2;7.6
200101;0.62;4.17;-0.59;3.72;-1.41;4.02;-1.25;5.46;-2.47;9.96
200102;-7.54;-6.1;-7.11;-3.64;-8.54;-1.95;-8.87;-4.51;-7.97;-17.58
200103;-7.57;-7.9;-8.92;-5.56;-8.41;-7.82;-8.57;-6.84;-9.52;-15.88
200104;6.34;6.43;7.72;5.62;6.58;6.06;7.4;5.93;6.13;11.68
200105;-4.56;-6.04;-4.35;-1.81;-6.19;-2.28;-5.39;-3.99;-5.12;-8.78
200106;-3.36;-5.44;-2.7;-1.79;-2.95;-4.19;-4.3;-2.31;-3.15;-13.86
200107;0.17;0.51;-0.26;1.45;-0.11;2.18;0.63;1.66;0.05;-3.11
200108;-1.9;-3.05;-2.92;1.42;-3.48;-0.49;-4.07;0.01;-2.6;-9.03
200109;-10.73;-13.96;-9.13;-15.07;-8.08;-17.28;-7.22;-13.14;-10.05;-21.53
200110;3.02;5.91;2.7;3.82;2.3;5.75;2.6;3.09;3.16;19.33
200111;3.75;8.36;3.31;6.36;3.23;7.67;5.06;5.83;4.41;10.19
200112;2.36;1.38;2.34;4.68;1.63;4.37;1.5;2.56;1.83;-3.31
200201;-4.49;-7.88;-3.26;-2.7;-6.45;-5.64;-5.68;-2.32;-5.37;-8.92
200202;0;-2.26;1.25;0.61;-0.53;0.72;-0.1;-0.5;-0.17;-3.29
200203;6;6.73;4.53;9.69;3.44;8.9;3.41;8.51;4.15;9.36
200204;0.22;-2.16;0.26;2.89;-1.69;-0.11;-1.97;3.86;-0.46;-7.6
200205;-0.13;1.24;-1.62;0.72;-2.94;0.8;-3.23;0.41;-1.69;-0.43
200206;-3.84;-6.25;-2.11;-5.41;-3.61;-5.33;-3.59;-4.59;-3.15;-11.57
200207;-10.04;-9.47;-10.13;-11.11;-10.32;-9.31;-8.57;-11.38;-10.26;-10.23
200208;-0.29;-0.13;-1.55;0.38;-0.89;-1.09;-0.92;0.39;-1.9;-1.69
200209;-12.92;-15.72;-8.77;-14.65;-10.67;-14.44;-8.51;-15.33;-12.66;-18.39
200210;9.49;10.79;8.21;6.8;11.5;7.14;10.37;8.62;13.18;12.56
200211;4.62;10.04;1.65;6.87;4.2;8.54;3.26;6.72;5.44;12.91
200212;-2.92;-3.63;-2.04;-2.41;-3.7;-3.7;-2.41;-3.57;-3.6;-6.52
200301;-4.28;-2;-4.52;-3.1;-4.62;0.31;-3.58;-3.33;-5.27;-1.35
200302;-3.39;-4.55;-3.51;-4.84;-2.69;-10.65;-3.19;-8.16;-3.28;-3.59
200303;-1.47;-2.4;-0.24;-4.25;-0.65;-2.9;-0.38;-4.04;-1.28;-2.1
200304;12.59;16.41;10.78;17.95;11.52;16.23;10.98;19.86;12.61;12.99
200305;7.07;12.42;6.69;7.51;6.06;11.05;6.96;9.67;7.26;11.2
200306;0.93;-0.21;0.01;2.1;-0.2;2.9;-1.24;0.67;0.06;1.38
200307;2.12;3.69;-0.18;5.6;-0.03;3.41;-0.1;7.21;1.88;4.67
200308;-0.44;0.64;0.09;0.5;-0.13;3.68;0.32;-1.53;-1.13;0.54
200309;2.71;4.43;3.94;2.21;3.74;1.65;4.12;1.49;3.63;1.97
200310;6.79;9.31;5.49;9.15;5.6;7.55;5.58;9.93;6.14;10.19
200311;4.21;5.05;3.98;3.18;4.33;1.92;5.01;2.92;4.22;4.86
200312;8.21;7.23;8.33;6.72;8.4;8.01;7;8.18;7.35;6.13
200401;1.35;2.73;0.82;1.08;1.91;3.06;0.61;2.35;1.22;8.26
200402;2.81;3.71;2.55;3.81;2.62;4.49;2.02;4.03;1.97;3.34
200403;-3.23;-3.58;-2.95;-1.96;-3.7;-1.46;-3.56;-2.88;-3.35;-5.14
200404;-0.58;-0.37;-0.41;-0.28;-1.37;-1.07;-0.5;-1.16;-0.81;-4.81
200405;1.24;-0.04;1.36;0.57;1.3;1.16;1.49;1.81;1.22;-0.26
200406;1.28;1.5;1.21;0.96;0.95;3.05;0.37;2.33;0.54;2.6
200407;-2.39;-2.55;-2.43;-2.23;-2.65;-2.23;-3.17;-1.63;-3.48;-5.93
200408;-0.27;0.71;-0.83;0.58;-1.81;-0.64;-1.21;0.07;-0.35;-5.28
200409;3.76;4.77;2.33;3.96;3.73;2.92;2.76;3.78;3.13;4.21
200410;3.8;4.43;3.32;3.18;3.29;5.02;2.29;4.14;3.49;6.46
200411;7.1;8.49;6.53;6.71;7.35;7.36;6.45;7.23;8.2;9.66
200412;4.76;5.28;4.59;7.07;3.52;5.4;4.69;5.62;3.88;5.34
200501;-1.32;-0.64;-1.78;-0.73;-1.52;0.67;-2.14;-0.46;-2.12;1.18
200502;4.5;4.88;4.34;4.83;5.04;3.89;4.98;4.12;4.96;2.15
200503;-2.5;-2.13;-2.49;-2.76;-2.29;-2.53;-2.54;-2.85;-1.94;-3.88
200504;-2.84;-4.05;-1.01;-3.89;-1.33;-3.74;-0.82;-3;-3.47;-5.81
200505;-0.25;0.06;-0.42;-0.43;0.19;0.25;0.1;-0.12;-0.33;1.49
200506;1.76;0.74;1.39;3.32;1.11;2.06;1.16;2.38;0.96;2.08
200507;3.81;5.25;2.82;3.44;4.53;2.87;3.18;3.72;5.02;3.9
200508;1.96;3.09;2.31;1.44;2.16;2.21;2.09;1.27;2.32;4.27
200509;1.8;2.21;1.74;1.9;1.55;1.8;2.21;2.29;0.83;1.3
200510;-2.37;-1.29;-2.43;-2.86;-2.96;-3.8;-1.99;-2.33;-2.68;2.27
200511;1.46;0.05;0.99;3.26;1.48;1.48;1.24;2.11;0.4;1.84
200512;3.82;4.01;3.86;3.74;3.46;4.74;3.79;3.42;4.43;3.06
200601;6.74;5.43;6.06;7.65;6.58;7.08;6.61;6.69;7.88;9.2
200602;0.32;2.14;-0.13;-0.6;0.68;-2.35;0;0.06;0.18;1.38
200603;3.64;4.61;4.21;3.12;3.61;5.23;3.5;2.99;4.77;5.24
200604;5.15;4.61;5.64;5.78;5.3;5.61;5.78;5.39;5.5;4.62
200605;-3.27;-3.79;-2.45;-3.46;-3.77;-3.4;-3.02;-2.53;-4.05;-3.37
200606;0.51;-0.38;1.19;-0.23;1.61;0.12;1.68;0.38;0.82;-2.62
200607;1.9;2.41;1.56;2.09;1.44;1.82;1.48;2.11;1.08;0.17
200608;2.86;3.15;2.92;2.84;3.62;0.75;3.35;2.86;3.29;3.99
200609;1.27;3.24;0.44;1.56;0.85;1.49;0.43;1.45;0.4;1.24
200610;4.27;6.17;3.62;4.8;3.28;6.23;2.23;4.86;3.99;3.24
200611;3.49;4;3.78;3.48;3.84;4.03;4.16;3.19;3.94;9.37
200612;3.31;4.79;2.44;3.41;3.09;2.44;2.66;3.45;2.99;5.65
200701;0.58;0.88;0.57;0.07;0.25;-0.02;0.22;0.23;0.15;0.15
200702;-0.14;-0.51;0.46;-0.72;0.42;-0.13;-0.24;-0.83;1.18;0.82
200703;3.84;2.42;3.87;2.82;4.93;4.38;4.16;2.98;5.64;4.34
200704;5.81;5.72;5.05;6.44;5.47;5.53;4.89;6.44;5.41;6.39
200705;2;3.18;1.05;2.5;1.28;3.61;0.79;1.57;3.56;1.31
200706;0.24;0.81;0.63;0.64;0.33;3.3;-1.15;0.47;2.04;-1.57
200707;-2.56;-3.86;-1.68;-3.14;-1.03;-2.49;-1.35;-3.25;-0.96;-0.67
200708;-1.14;-1.5;-0.25;-2.18;-0.63;-0.33;-0.69;-0.7;-2.41;-3.47
200709;4.92;4.25;5.24;5.42;3.9;6.97;4.49;4.67;7.06;4.84
200710;4.99;5.34;4.59;4.51;6.27;6.6;4.57;4.73;5.71;7.56
200711;-3.35;-6.82;-1.11;-4.67;-5.6;-3.54;-2.92;-3.87;-2.89;-9.04
200712;-2.07;-1.58;-2.42;-1.63;-3.06;-1.11;-2.22;-1.71;-2.65;-2.95
200801;-9.43;-9.83;-9.38;-10.55;-8.08;-10.33;-8.73;-9.32;-8.72;-9.96
200802;1.55;-0.44;1.77;1.26;2.49;0.59;2.23;-0.62;4.98;3
200803;0.46;1.15;-0.77;0.77;-0.15;0.64;0.04;1.53;1.3;-0.82
200804;4.61;4;5.04;6.42;3.15;6;3.78;4.82;3.88;4.35
200805;0.73;-2.34;2.05;-0.96;1.69;-1.15;1.75;-1.58;1.76;2.25
200806;-8.33;-11.36;-6.86;-10.57;-6.76;-9.77;-6.97;-10.05;-6.83;-7.38
200807;-3.58;-1.58;-3.93;-4.33;-2.56;-3.29;-3.64;-0.44;-5.38;-6.56
200808;-4.32;-3.33;-4.47;-3.53;-5.54;-3.94;-5.19;-3.64;-5.11;-4.88
200809;-13.93;-13.1;-14.28;-15.91;-14.58;-13.39;-14.45;-12.61;-15.32;-19.17
200810;-21.34;-26.4;-22.52;-23.72;-22.17;-20.19;-24.85;-23.27;-20.49;-28.36
200811;-7;-7.99;-4.78;-6.43;-6.79;-7.96;-5.37;-7.38;-9.55;-6.53
200812;6.9;5.71;7.89;7.01;6.18;4.84;8.3;6.28;6.2;6.17
200901;-11.37;-14.93;-9.27;-14.52;-9.09;-14.45;-9.13;-15.83;-9.28;-7.63
200902;-10.15;-13.83;-10.18;-14.28;-8.18;-11.18;-7.2;-12.91;-9.8;-7.1
200903;6.76;9.76;6.49;11.69;3.99;10.73;3.65;8.87;5.73;6.91
200904;13.1;26.49;6.13;25.23;5.62;20.78;6.12;24.75;9.21;13.94
200905;12.88;13.84;11.75;16.26;10.4;14.77;11.86;14.82;11.94;13.69
200906;-1.77;-1.98;-0.66;-3.01;-0.39;-2.05;-1.43;-2.02;-1.59;-0.77
200907;9.95;13.08;7.76;12.29;7.19;12.3;7.73;12.79;9.13;6.09
200908;5.58;11.22;1.63;10.09;1.44;9.22;3.12;9.85;2.51;7.39
200909;5.59;6.33;4.75;6.79;5.1;6.42;5.5;5.67;5.6;7.06
200910;-1.91;-5.24;-0.78;-4.03;-1.44;-3.49;-0.51;-4.46;-1.57;-4.39
200911;2.98;2.13;2.55;2.7;2.3;3.49;3.06;2.55;3.54;0.62
200912;1.05;-0.34;2.1;0.03;1.13;0.03;1.25;-0.1;0.99;-0.81
201001;-5.7;-6.24;-5.14;-5.96;-5.16;-6.39;-4.11;-5.93;-5.22;-3.66
201002;-2.37;-2.55;-1.46;-2.55;-1.95;-3.13;-1.78;-1.91;-1.8;-3.35
201003;6.36;8.46;5.57;6.46;5.68;7.55;5.98;5.05;8.31;8.8
201004;-2.22;-2.05;-3.05;-1.26;-2.63;-2.24;-1.97;-2.2;-3.36;-1.43
201005;-11.87;-13.01;-10.2;-12.89;-10.86;-12.67;-10.42;-11.94;-10.84;-14.13
201006;-1;-1.22;0.53;-3.42;0.42;-2.16;1.49;-1.55;-0.28;-2.44
201007;11.86;14.77;10.05;12.62;10.66;13.34;10.67;11.7;12.39;14.5
201008;-4.04;-5.43;-2.73;-5.03;-3.15;-4.4;-3.55;-2.57;-4.56;-5.85
201009;11.02;10.88;11.1;11.08;10.44;12.02;10.98;9.85;11.99;12.81
201010;5.23;5.38;5.19;5.5;4.98;5.94;4.31;6.09;4.32;4.87
201011;-8.34;-10.33;-6.91;-7.96;-7.63;-7.55;-8.17;-8.88;-7.32;-9.66
201012;8.63;9.23;7.26;10.06;7.14;9.51;8.44;8.16;9.16;10.24
201101;3.9;8.33;1.12;7.33;0.95;6.63;1.93;5.57;1.32;5.66
201102;3.35;3.8;3.15;3.1;3.18;3.27;2.76;3.14;3.54;3.58
201103;-0.48;-2.92;1.77;-1.86;0.33;-1.38;0.43;-0.36;0.65;-1.19
201104;8.2;7.13;8.82;8.06;8.96;7.97;8.57;7.96;8.21;7.24
201105;-2.93;-4.48;-1.55;-3.04;-3.53;-3.41;-2.7;-2.66;-3.04;-4.39
201106;-1.64;-2.12;-1.31;-2.17;-1.27;-1.61;-1.86;-1.62;-0.85;-3.29
201107;-3.25;-5.6;-1.01;-3.88;-1.89;-3.56;-1.88;-2.67;-2.05;-5.73
201108;-10.08;-13.12;-6.83;-10.32;-10.58;-10.5;-9.8;-8.37;-10.58;-13.57
201109;-11.41;-12.09;-10.85;-8.94;-13.77;-9.48;-13.79;-8.11;-14.79;-13.49
201110;10.63;10.45;10.4;8.7;14.24;10.28;12.51;8.65;13.49;8.39
201111;-4.94;-7.1;-3.33;-5.2;-5.2;-5.2;-5.72;-3.96;-4.39;-9.23
201112;-2.16;-2.59;-2.55;-1.48;-3.77;-1.68;-3.96;-0.97;-3.7;-3.56
201201;5.61;9.3;3.92;9.53;3.97;7.1;4.85;4.36;7.6;11.48
201202;6.21;6.73;6.82;6.17;6.35;5.18;6.53;5.03;6.6;8.25
201203;-0.05;-0.82;1.67;-0.94;1.76;-1.52;1.58;0.76;0.46;-0.15
201204;-2.43;-5.73;-0.29;-4.67;0.13;-4.72;0.04;-3.72;-0.24;-4.37
201205;-12.15;-14.92;-10.21;-14.6;-9.78;-13.77;-9.97;-11.54;-12.7;-15.31
201206;7.14;9.2;5.49;8.36;6.47;8.48;5.46;10.24;4.8;5.43
201207;0.2;-1.35;0.97;-0.93;1.47;-1.05;1.59;-0.84;0.75;-1.19
201208;4.65;6.55;3.98;5.89;3.18;5.25;3.62;5.38;4.52;4.94
201209;3.45;5.05;2.42;5.74;2.78;3.95;2.69;3.22;2.49;6.87
201210;2.09;3.86;1.29;3.98;0.94;2.72;1.26;1.72;1.96;2.92
201211;2.33;1.79;3.55;2.34;2.88;0.97;3.45;1.01;4.13;1.79
201212;3.34;4.53;1.83;5.07;1.56;4.5;1.43;3.42;2.93;4.77
201301;5.9;7.85;4.55;6.62;4.49;6.39;4.59;5.27;5.09;9.02
201302;-2.77;-5.86;-0.21;-4.97;-0.57;-5.29;-1.19;-4.02;-1.16;-5.02
201303;-0.49;-3.36;1.93;-1.9;1.31;-2.12;1.64;0.33;0.13;-5.04
201304;4.39;6.84;3.3;6.01;2.8;5.98;2.57;6.37;2.41;5.09
201305;1.19;3.11;0.28;1.99;0.26;1.89;0.11;0.67;1.59;4.27
201306;-4.5;-6.03;-3.51;-4.93;-3.97;-4.96;-3.67;-3.71;-4.96;-5.16
201307;7.36;9.48;5.77;8.81;6.73;9.01;6.34;7.12;7.6;8.36
201308;-0.77;-0.33;-0.9;-0.64;-0.54;-0.04;-1.03;-0.57;-0.89;3.25
201309;7.12;7.54;5.96;7.33;6.4;7.6;5.64;8.03;5.97;9.02
201310;4.64;5.86;3.05;5.15;3.53;5.1;3.06;5.15;3.32;5.27
201311;1.35;1.32;0.89;1.33;0.96;1.28;0.57;1.42;1.06;2.17
201312;2.22;2.35;2.15;2.14;3.16;2.5;2.03;2.36;2.73;2.55
201401;-2.94;-1.65;-3.99;-3.27;-2.41;-2.47;-2.93;-2.74;-3.77;1.59
201402;7.14;7;7.46;6.97;6.1;7.52;6.28;7.89;6.7;7.57
201403;-0.65;-0.73;-0.99;0.14;-1.78;0.18;-2.19;-0.23;-0.98;-2.46
201404;1.85;2.17;0.49;3.21;1.43;3.08;0.91;2.96;1.09;-0.92
201405;0.7;-0.1;1.45;0.44;0.6;0.37;0.14;1.13;0.11;0.67
201406;-0.1;-1.18;0.17;0.43;-0.12;0.76;-0.06;0.83;0.59;-1.93
201407;-4.09;-3.72;-4.62;-4.13;-3.69;-4.69;-3;-3.89;-4.51;-4.82
201408;0.07;-0.26;0.24;0.09;0.24;-0.81;0.28;-0.17;0.57;0.13
201409;-3.82;-3.96;-3.37;-4.71;-3.88;-4.71;-4.12;-3.53;-4.75;-3.86
201410;-2.5;-3;-1.18;-2.7;-2.17;-3.02;-2.13;-2.36;-2.57;-3.51
201411;2.49;1.96;3.7;1.32;3.6;1.46;3.89;2.17;3.8;1.98
201412;-3.61;-4.24;-2.98;-4.04;-2.84;-3.84;-2.72;-4.16;-2.28;-3.41
201501;-0.26;-2.94;1.8;-1.2;0.5;-0.91;1.12;-0.65;0.75;-2.3
201502;6.07;7.51;4.98;6.29;6.3;6.01;5.49;5.15;6.11;6.99
201503;-2.24;-2.08;-1.59;-1.83;-1.99;-2.36;-2.12;-2.81;-2.49;-2.26
201504;4.69;5.47;4.1;4.68;4.09;5.65;3.96;5.16;5.58;4.17
201505;-0.03;-0.61;1.14;-1.27;0.61;-1.31;1.72;-1.85;1.79;2.58
201506;-2.77;-2.29;-3.03;-2.67;-2.86;-2.54;-2.57;-2.94;-2.55;-1.39
201507;2.58;1.18;3.84;1.6;4.01;1.45;3.59;2.15;3.4;0.57
201508;-6.07;-6.66;-5.8;-6.25;-5.66;-6.5;-5.6;-6.05;-5.56;-4.69
201509;-4.31;-7.49;-2.11;-6.17;-2.8;-6.24;-2.13;-4.81;-1.95;-6.17
201510;6.51;6.33;7.19;7.48;4.27;7.51;5.48;7.23;7.17;2.84
201511;-1.9;-2.39;-0.94;-1.75;-2.31;-1.76;-1.79;-2.21;-1.56;-2.91
201512;-2.05;-2.11;-1.24;-2.66;-1.25;-2.66;-0.74;-2.45;-0.93;-0.23
201601;-6.52;-9.57;-4.14;-8.43;-6.97;-7.84;-4.63;-6.19;-6.14;-10.47
201602;-2.01;-1.77;-1.86;-1.7;-1.77;-1.39;-2.31;-1.75;-0.84;-2.8
201603;6.78;6.7;6.12;7.59;5.43;7.39;5.88;7.21;6.51;8.71
201604;2.33;5.39;0.06;3.97;1.15;4.57;0.22;4.13;1.09;2.11
201605;-0.34;-2.37;1.02;-1.96;0.99;-2.43;1.71;-1.81;0.76;-0.68
201606;-5.35;-8.23;-3.13;-6.91;-6.6;-5.4;-4.28;-4.87;-5.45;-10.43
201607;4.57;4.34;4.2;5.16;6.57;4.21;5.27;3.51;5.17;5.12
201608;0.82;2.4;-0.69;1.94;1.17;1.41;0.54;1.75;0.64;2.4
201609;0.89;0.43;1.32;0.55;0.43;1.26;1.08;0.8;1.07;1.81
201610;-2.96;1.51;-5.45;-0.05;-3.92;-0.19;-5.58;-0.21;-5.27;-2.06
201611;-2.55;-0.86;-3.58;-1.83;-2.21;-2.19;-3.66;-1.83;-2.52;-1.41
201612;4.83;5.57;3.85;5.63;4.07;6;3.66;5.43;3.82;3.8
201701;2.54;2.69;2.8;2.1;3.38;1.96;3.07;0.55;3.79;5.8
201702;0.92;-1.7;2.59;-0.72;1.02;-0.48;1.74;-0.01;1.81;0.12
201703;4.55;4.75;5.23;5.31;4.74;4.52;4.46;4.4;4.15;2.95
201704;4.5;3.87;4.99;4.89;5;3.82;5.13;2.98;5.44;3.84
201705;5.18;4.47;5.74;5.03;5.16;5.59;5.45;5.78;5.08;4.37
201706;-0.87;0.78;-2.1;0.91;-1.48;-0.21;-1.28;-0.17;-1.25;-0.02
201707;3.49;5.44;2.33;4.71;4.22;4.43;3.63;4;3.42;6.37
201708;0.01;-0.69;0.17;-0.65;0.2;-0.16;0.06;-0.62;0.21;0.68
201709;2.95;4.05;2.07;3.2;3.6;3.21;2.06;3.64;2.07;2.39
201710;0.8;0.62;0.8;-0.13;2.13;0.36;1.56;0.33;1.82;0.65
201711;0.46;0.98;0.02;0.74;-0.04;0.48;-0.13;0.99;0.17;-0.91
201712;1.59;2.16;1.42;1.86;1.7;2.01;1.81;1.25;2.02;3.16
201801;5.57;6.89;5.08;6.54;5.43;5.5;5.58;5.25;6.02;8.3
201802;-5.59;-5.54;-5.47;-4.89;-4.85;-5.13;-4.89;-5.38;-5.55;-3.29
201803;-0.47;-1.64;0.67;-1.2;-0.28;-0.44;0.3;-1.06;0.25;-2.88
201804;2.44;3.27;1.7;2.1;3.27;3.63;2.63;3.47;1.59;1
201805;-2.8;-5.85;0.04;-5.97;0.22;-3.98;-0.04;-5.08;-0.21;-0.92
201806;-0.78;-1.78;0.33;-1.6;-0.45;-1.27;-0.25;-0.54;-0.83;-2.46
201807;2.58;3.07;3.12;2.92;1.47;3.01;1.9;4.02;1.82;1.21
201808;-2.76;-4.34;-0.53;-3.22;-1.4;-3.72;-0.23;-3.93;-1.09;-3
201809;0.07;1.59;-1.58;0.22;-1.44;1.25;-1.23;1.35;-1.23;-0.84
201810;-8.03;-7.45;-9.06;-6.91;-9.25;-6.87;-9.84;-5.9;-9.68;-10.25
201811;-1;-1.26;-1.29;-0.54;-2.12;-0.84;-1.45;0.05;-3.51;-2.94
201812;-4.51;-5.02;-4.44;-5.09;-4.99;-4.12;-4.49;-4.46;-4.12;-7.08
201901;6.5;6.83;6.67;8.15;6.3;6.96;5.52;6.19;7.05;7.52
201902;3.16;2.66;4;3.21;3.99;2.39;4.01;2.77;3.17;1.87
201903;0.73;-1.89;2.56;-1.51;2.57;-1;2.77;-0.66;1.36;0.48
201904;4.02;5.24;4.15;5.11;3.73;4.61;4.21;4.36;4.83;3.99
201905;-5.09;-7.17;-2.97;-7.99;-2.94;-7.09;-2.72;-6.47;-4.27;-6.13
201906;5.89;4.59;6.34;5.35;6.25;5.72;6.2;5.64;5.89;3.87
201907;-2.24;-3.08;-1.72;-3.21;-1.73;-3.12;-1.74;-3.11;-2.17;-1.61
201908;-2.18;-4.54;-0.77;-3.68;-0.78;-3.04;-0.48;-3.66;-2.03;-3.28
201909;2.45;5.28;0.51;5.38;0.54;4.41;0.63;5;1.61;-1.11
201910;3.42;3.95;3.78;5.04;3.51;3.88;3.65;3.74;4.11;3.3
201911;1.87;1.27;2.44;2.19;2.17;1.41;2.25;1.27;2.74;2.64
201912;3.95;4.24;3.44;4.5;3.58;3.66;3.52;3.99;3.67;5.81
202001;-2.54;-5.07;-1.07;-5.22;-1.52;-5.16;-1.77;-4.73;-1.31;-1.4
202002;-8.95;-9.66;-8.22;-9.8;-8.7;-9.29;-8.08;-10.79;-7.72;-5.91
202003;-15.4;-23.02;-9.43;-20.32;-12.96;-21.2;-11.4;-21.41;-13.31;-15.14
202004;6.19;3.92;7.39;4.11;7.67;3.84;7;4.37;6.71;11.56
202005;4.88;3.48;6.76;3.47;6.56;3.74;7.35;3.22;6.28;9.08
202006;4.35;5.95;2.36;5.74;3.35;6.19;2.98;6.28;3.36;4.93
202007;3.04;0.04;4.62;-0.28;5.17;0.67;5.24;0.43;4.94;5.18
202008;4.71;5.43;4.35;5.86;5.29;5.54;5.09;5.49;5.75;5.6
202009;-3.38;-6.49;-1.23;-5.46;-2.13;-5.57;-1.86;-6.53;-1.54;-1.67
202010;-4.71;-3.87;-5.43;-4.49;-5.43;-3.48;-5.43;-4.18;-4.66;-2.67
202011;17;25.95;12.06;24.68;13.28;24.17;12.7;25;13.78;15.8
202012;5.45;5.2;5.14;5.6;6.13;5.52;5.89;4.74;6.41;7.63
202101;-1.38;-1.88;-0.73;-2.62;-0.85;-1.23;-0.51;-1.36;-1.17;1.22
202102;2.71;7.91;0.05;7.39;1.12;7.31;0.22;5.61;2.38;0.54
202103;3.07;4.59;0.93;5.67;1;4.99;0.98;3.98;1.53;-2.51
202104;5.07;2.84;7.23;3.05;7.37;2.59;7.31;3.02;7.34;6.31
202105;4.6;5.61;4.65;6.47;4.61;5.65;3.87;4.79;5.07;-0.57
202106;-1.8;-4.38;0.63;-4.19;0.01;-4.05;0.53;-3.63;-0.46;-1.29
202107;1.74;0.12;3.63;0.55;3.26;-0.02;3.68;0.26;3.41;1.04
202108;1.51;2.05;1.8;1.28;2.09;1.64;2.59;1.71;1.85;3.95
202109;-4.84;-1.58;-6.49;-2.33;-5.72;-1.62;-6.47;-2.53;-5.96;-7.4
202110;4.02;4.09;4.47;4.29;5.37;4.04;4.72;3.1;6.25;-0.06
202111;-4.07;-6.69;-1.57;-6.71;-2.06;-6.26;-2.64;-5.56;-1.63;-4.16
202112;5.25;6.02;2.88;6.33;4.46;5.82;3.95;6.19;3.91;-0.09
202201;-4.76;2.28;-12;1.4;-10.68;1.76;-11.26;3.14;-9.94;-13.26
202202;-3.77;-4.54;-4.05;-4.72;-3.98;-3.3;-3.62;-3.78;-4.91;-5.48
202203;-0.93;-1.25;-0.75;-0.85;0.12;-1.31;-0.05;-0.83;-0.37;-1.96
202204;-5.81;-5.76;-7.66;-4.93;-7.76;-4.16;-8.07;-3.27;-8.29;-9.35
202205;1.38;5.08;-1.34;4.36;-0.48;4.96;-0.95;4.69;-0.71;-0.31
202206;-9.9;-12.08;-9.83;-9.47;-9.35;-10.68;-9.5;-10.25;-9.9;-12.61
202207;4.74;1.34;9.55;-0.53;9.35;0.47;9.25;0.02;9.13;5.83
202208;-6.37;-3.24;-8.81;-5.09;-8.38;-4.67;-7.97;-4.71;-8.83;-4.88
202209;-9.15;-9.02;-10.45;-9.58;-10.23;-9.12;-9.71;-8.3;-10.78;-12.9
202210;6.65;8.22;5.35;7.34;5.87;7.85;5.59;8.92;4.83;5.38
202211;13.11;12.82;14.36;13.13;15.07;11.8;14.17;11.82;14.64;10.68
202212;-0.86;0.58;-2.6;1.09;-2.69;0.8;-2.18;1.04;-1.76;-3.2
202301;9.32;11.67;8.83;11.18;9.63;9.47;9.51;8.37;8.91;11.22
202302;-1.44;0.51;-2.57;-0.64;-1.82;0.3;-2.12;-0.97;-1.54;-2.27
202303;2.67;-3.76;6.16;-1.17;5.64;-0.68;6.17;0.21;4.22;-0.31
202304;3.96;4.76;3.31;3.52;3.5;4.08;3.66;4.77;2.42;1.89
202305;-5.05;-4.98;-3.59;-4.94;-3.99;-6.3;-3.61;-6.05;-3.92;-4.18
202306;4.64;6.02;3.8;6.05;4.26;5.4;4.05;5.14;3.83;5.17
202307;3;4.47;2.36;4.93;1.72;4.41;1.36;4.4;2.53;4.52
202308;-4.22;-2.62;-5.19;-3.91;-5.77;-2.47;-5.16;-3.13;-4.67;-7.97
202309;-4.92;-2.95;-7.22;-3.01;-6.65;-2.22;-6.82;-2.43;-7.12;-7.27
202310;-3.95;-4.72;-4.2;-5.23;-3.84;-4.15;-3.44;-4.24;-4.16;-7.7
202311;9.56;9.88;9.26;10.58;10.37;8.68;10.99;8.42;11.17;11.84
202312;5.12;5.32;5.09;5.77;6.29;5.04;5.63;5.19;5.71;6.05
